{
  "model_version": "final_v1",
  "num_classes": 41,
  "verse_labels": [
    0,
    1,
    2,
    3,
    4,
    5,
    6,
    7,
    8,
    9,
    10,
    11,
    12,
    13,
    14,
    15,
    16,
    17,
    18,
    19,
    20,
    21,
    22,
    23,
    24,
    25,
    26,
    27,
    28,
    29,
    30,
    31,
    32,
    33,
    34,
    35,
    36,
    37,
    38,
    39,
    40
  ],
  "input_shape": [
    256,
    89
  ],
  "total_epochs": 35,
  "best_val_accuracy": 0.5116279125213623,
  "metrics": {
    "train_accuracy": 0.8512396812438965,
    "test_accuracy": 0.41860464215278625,
    "train_top3": 0.9793388247489929,
    "test_top3": 0.7209302186965942
  },
  "features": "Advanced audio features (MFCC+deltas, spectral, chroma, tonnetz)",
  "architecture": "Conv1D + BiLSTM + Dense with regularization"
}